sku,store_id,listing_key
BOK-0001,books-toscrape,https://books.toscrape.com/catalogue/brain-on-fire-my-month-of-madness_669/index.html
BOK-0002,books-toscrape,https://books.toscrape.com/catalogue/lord-of-the-flies_30/index.html
BOK-0003,books-toscrape,https://books.toscrape.com/catalogue/the-house-by-the-lake_846/index.html
BOK-0004,books-toscrape,https://books.toscrape.com/catalogue/lies-and-other-acts-of-love_596/index.html
BOK-0005,books-toscrape,https://books.toscrape.com/catalogue/needful-things_334/index.html
BOK-0006,books-toscrape,https://books.toscrape.com/catalogue/unicorn-tracks_951/index.html
BOK-0007,books-toscrape,https://books.toscrape.com/catalogue/soul-reader_926/index.html
BOK-0008,books-toscrape,https://books.toscrape.com/catalogue/girl-in-the-blue-coat_160/index.html
BOK-0009,books-toscrape,https://books.toscrape.com/catalogue/the-mysterious-affair-at-styles-hercule-poirot-1_452/index.html
BOK-0010,books-toscrape,https://books.toscrape.com/catalogue/layered-baking-building-and-styling-spectacular-cakes_904/index.html
BOK-0011,books-toscrape,https://books.toscrape.com/catalogue/one-with-you-crossfire-5_626/index.html
BOK-0012,books-toscrape,https://books.toscrape.com/catalogue/the-firm_404/index.html
BOK-0013,books-toscrape,https://books.toscrape.com/catalogue/the-natural-history-of-us-the-fine-art-of-pretending-2_941/index.html
BOK-0014,books-toscrape,https://books.toscrape.com/catalogue/the-iliad_69/index.html
BOK-0015,books-toscrape,https://books.toscrape.com/catalogue/playing-from-the-heart_481/index.html
BOK-0016,books-toscrape,https://books.toscrape.com/catalogue/why-the-right-went-wrong-conservatism-from-goldwater-to-the-tea-party-and-beyond_781/index.html
BOK-0017,books-toscrape,https://books.toscrape.com/catalogue/behind-closed-doors_962/index.html
BOK-0018,books-toscrape,https://books.toscrape.com/catalogue/on-a-midnight-clear_912/index.html
BOK-0019,books-toscrape,https://books.toscrape.com/catalogue/23-degrees-south-a-tropical-tale-of-changing-whether_556/index.html
BOK-0020,books-toscrape,https://books.toscrape.com/catalogue/the-fabric-of-the-cosmos-space-time-and-the-texture-of-reality_572/index.html
BOK-0021,books-toscrape,https://books.toscrape.com/catalogue/the-age-of-genius-the-seventeenth-century-and-the-birth-of-the-modern-mind_929/index.html
BOK-0022,books-toscrape,https://books.toscrape.com/catalogue/the-last-mile-amos-decker-2_754/index.html
BOK-0023,books-toscrape,https://books.toscrape.com/catalogue/mama-tried-traditional-italian-cooking-for-the-screwed-crude-vegan-and-tattooed_908/index.html
BOK-0024,books-toscrape,https://books.toscrape.com/catalogue/musicophilia-tales-of-music-and-the-brain_436/index.html
BOK-0025,books-toscrape,https://books.toscrape.com/catalogue/nano-what-now-finding-your-editing-process-revising-your-nanowrimo-book-and-building-a-writing-career-through-publishing-and-beyond_566/index.html
BOK-0026,books-toscrape,https://books.toscrape.com/catalogue/the-nameless-city-the-nameless-city-1_940/index.html
BOK-0027,books-toscrape,https://books.toscrape.com/catalogue/extreme-prey-lucas-davenport-26_154/index.html
BOK-0028,books-toscrape,https://books.toscrape.com/catalogue/a-year-in-provence-provence-1_421/index.html
BOK-0029,books-toscrape,https://books.toscrape.com/catalogue/a-court-of-thorns-and-roses-a-court-of-thorns-and-roses-1_874/index.html
BOK-0030,books-toscrape,https://books.toscrape.com/catalogue/1st-to-die-womens-murder-club-1_2/index.html
BOK-0031,books-toscrape,https://books.toscrape.com/catalogue/through-the-woods_772/index.html
BOK-0032,books-toscrape,https://books.toscrape.com/catalogue/vogue-colors-a-to-z-a-fashion-coloring-book_355/index.html
BOK-0033,books-toscrape,https://books.toscrape.com/catalogue/a-game-of-thrones-a-song-of-ice-and-fire-1_358/index.html
BOK-0034,books-toscrape,https://books.toscrape.com/catalogue/charitys-cross-charles-towne-belles-4_12/index.html
BOK-0035,books-toscrape,https://books.toscrape.com/catalogue/the-mindfulness-and-acceptance-workbook-for-anxiety-a-guide-to-breaking-free-from-anxiety-phobias-and-worry-using-acceptance-and-commitment-therapy_937/index.html
BOK-0036,books-toscrape,https://books.toscrape.com/catalogue/the-power-greens-cookbook-140-delicious-superfood-recipes_410/index.html
BOK-0037,books-toscrape,https://books.toscrape.com/catalogue/the-expatriates_401/index.html
BOK-0038,books-toscrape,https://books.toscrape.com/catalogue/keep-me-posted_594/index.html
BOK-0039,books-toscrape,https://books.toscrape.com/catalogue/unbound-how-eight-technologies-made-us-human-transformed-society-and-brought-our-world-to-the-brink_950/index.html
BOK-0040,books-toscrape,https://books.toscrape.com/catalogue/unbroken-a-world-war-ii-story-of-survival-resilience-and-redemption_774/index.html
BOK-0041,books-toscrape,https://books.toscrape.com/catalogue/untitled-collection-sabbath-poems-2014_953/index.html
BOK-0042,books-toscrape,https://books.toscrape.com/catalogue/give-it-back_430/index.html
BOK-0043,books-toscrape,https://books.toscrape.com/catalogue/are-we-smart-enough-to-know-how-smart-animals-are_121/index.html
BOK-0044,books-toscrape,https://books.toscrape.com/catalogue/the-wedding-dress_864/index.html
BOK-0045,books-toscrape,https://books.toscrape.com/catalogue/i-know-what-im-doing-and-other-lies-i-tell-myself-dispatches-from-a-life-under-construction_704/index.html
BOK-0046,books-toscrape,https://books.toscrape.com/catalogue/the-book-of-mormon_571/index.html
BOK-0047,books-toscrape,https://books.toscrape.com/catalogue/the-nerdy-nummies-cookbook-sweet-treats-for-the-geek-in-all-of-us_853/index.html
BOK-0048,books-toscrape,https://books.toscrape.com/catalogue/the-hobbit-middle-earth-universe_447/index.html
BOK-0049,books-toscrape,https://books.toscrape.com/catalogue/algorithms-to-live-by-the-computer-science-of-human-decisions_880/index.html
BOK-0050,books-toscrape,https://books.toscrape.com/catalogue/what-if-serious-scientific-answers-to-absurd-hypothetical-questions_416/index.html
BOK-0051,books-toscrape,https://books.toscrape.com/catalogue/demigods-magicians-percy-and-annabeth-meet-the-kanes-percy-jackson-kane-chronicles-crossover-1-3_685/index.html
BOK-0052,books-toscrape,https://books.toscrape.com/catalogue/fruits-basket-vol-6-fruits-basket-6_427/index.html
BOK-0053,books-toscrape,https://books.toscrape.com/catalogue/green-eggs-and-ham-beginner-books-b-16_165/index.html
BOK-0054,books-toscrape,https://books.toscrape.com/catalogue/we-the-people-the-modern-day-figures-who-have-reshaped-and-affirmed-the-founding-fathers-vision-of-america_302/index.html
BOK-0055,books-toscrape,https://books.toscrape.com/catalogue/large-print-heart-of-the-pride_815/index.html
BOK-0056,books-toscrape,https://books.toscrape.com/catalogue/giant-days-vol-2-giant-days-5-8_895/index.html
BOK-0057,books-toscrape,https://books.toscrape.com/catalogue/the-grand-design_405/index.html
BOK-0058,books-toscrape,https://books.toscrape.com/catalogue/settling-the-score-the-summer-games-1_50/index.html
BOK-0059,books-toscrape,https://books.toscrape.com/catalogue/the-geography-of-bliss-one-grumps-search-for-the-happiest-places-in-the-world_346/index.html
BOK-0060,books-toscrape,https://books.toscrape.com/catalogue/first-steps-for-new-christians-print-edition_808/index.html
BOK-0061,books-toscrape,https://books.toscrape.com/catalogue/furiously-happy-a-funny-book-about-horrible-things_619/index.html
BOK-0062,books-toscrape,https://books.toscrape.com/catalogue/in-the-country-we-love-my-family-divided_901/index.html
BOK-0063,books-toscrape,https://books.toscrape.com/catalogue/the-barefoot-contessa-cookbook_440/index.html
BOK-0064,books-toscrape,https://books.toscrape.com/catalogue/the-purest-hook-second-circle-tattoos-3_271/index.html
BOK-0065,books-toscrape,https://books.toscrape.com/catalogue/the-life-changing-magic-of-tidying-up-the-japanese-art-of-decluttering-and-organizing_936/index.html
BOK-0066,books-toscrape,https://books.toscrape.com/catalogue/better-homes-and-gardens-new-cook-book_423/index.html
BOK-0067,books-toscrape,https://books.toscrape.com/catalogue/the-murder-that-never-was-forensic-instincts-5_939/index.html
BOK-0068,books-toscrape,https://books.toscrape.com/catalogue/data-a-love-story-how-i-gamed-online-dating-to-meet-my-match_367/index.html
BOK-0069,books-toscrape,https://books.toscrape.com/catalogue/anonymous_790/index.html
BOK-0070,books-toscrape,https://books.toscrape.com/catalogue/the-bourne-identity-jason-bourne-1_492/index.html
BOK-0071,books-toscrape,https://books.toscrape.com/catalogue/whered-you-go-bernadette_304/index.html
BOK-0072,books-toscrape,https://books.toscrape.com/catalogue/a-gathering-of-shadows-shades-of-magic-2_456/index.html
BOK-0073,books-toscrape,https://books.toscrape.com/catalogue/fruits-basket-vol-9-fruits-basket-9_563/index.html
BOK-0074,books-toscrape,https://books.toscrape.com/catalogue/packing-for-mars-the-curious-science-of-life-in-the-void_205/index.html
BOK-0075,books-toscrape,https://books.toscrape.com/catalogue/clockwork-angel-the-infernal-devices-1_679/index.html
BOK-0076,books-toscrape,https://books.toscrape.com/catalogue/i-will-find-you_524/index.html
BOK-0077,books-toscrape,https://books.toscrape.com/catalogue/of-mice-and-men_37/index.html
BOK-0078,books-toscrape,https://books.toscrape.com/catalogue/out-of-print-city-lights-spotlight-no-14_536/index.html
BOK-0079,books-toscrape,https://books.toscrape.com/catalogue/raspberry-pi-electronics-projects-for-the-evil-genius_630/index.html
BOK-0080,books-toscrape,https://books.toscrape.com/catalogue/far-away-places-on-the-brink-of-change-seven-continents-twenty-five-years_694/index.html
BOK-0081,books-toscrape,https://books.toscrape.com/catalogue/the-bane-chronicles-the-bane-chronicles-1-11_746/index.html
BOK-0082,books-toscrape,https://books.toscrape.com/catalogue/life-after-life_187/index.html
BOK-0083,books-toscrape,https://books.toscrape.com/catalogue/library-of-souls-miss-peregrines-peculiar-children-3_816/index.html
BOK-0084,books-toscrape,https://books.toscrape.com/catalogue/the-travelers_285/index.html
BOK-0085,books-toscrape,https://books.toscrape.com/catalogue/orange-is-the-new-black_202/index.html
BOK-0086,books-toscrape,https://books.toscrape.com/catalogue/the-help-yourself-cookbook-for-kids-60-easy-plant-based-recipes-kids-can-make-to-stay-healthy-and-save-the-earth_751/index.html
BOK-0087,books-toscrape,https://books.toscrape.com/catalogue/political-suicide-missteps-peccadilloes-bad-calls-backroom-hijinx-sordid-pasts-rotten-breaks-and-just-plain-dumb-mistakes-in-the-annals-of-american-politics_917/index.html
BOK-0088,books-toscrape,https://books.toscrape.com/catalogue/the-raven-king-the-raven-cycle-4_412/index.html
BOK-0089,books-toscrape,https://books.toscrape.com/catalogue/every-last-word_693/index.html
BOK-0090,books-toscrape,https://books.toscrape.com/catalogue/counted-with-the-stars-out-from-egypt-1_463/index.html
BOK-0091,books-toscrape,https://books.toscrape.com/catalogue/the-drowning-girls_494/index.html
BOK-0092,books-toscrape,https://books.toscrape.com/catalogue/life_104/index.html
BOK-0093,books-toscrape,https://books.toscrape.com/catalogue/the-three-searches-meaning-and-the-story_649/index.html
BOK-0094,books-toscrape,https://books.toscrape.com/catalogue/the-guns-of-august_254/index.html
BOK-0095,books-toscrape,https://books.toscrape.com/catalogue/shadows-of-the-past-logan-point-1_541/index.html
BOK-0096,books-toscrape,https://books.toscrape.com/catalogue/its-all-easy-healthy-delicious-weeknight-meals-in-under-30-minutes_706/index.html
BOK-0097,books-toscrape,https://books.toscrape.com/catalogue/harry-potter-and-the-deathly-hallows-harry-potter-7_377/index.html
BOK-0098,books-toscrape,https://books.toscrape.com/catalogue/bleach-vol-1-strawberry-and-the-soul-reapers-bleach-1_7/index.html
BOK-0099,books-toscrape,https://books.toscrape.com/catalogue/sense-and-sensibility_49/index.html
BOK-0100,books-toscrape,https://books.toscrape.com/catalogue/like-never-before-walker-family-2_476/index.html
DEV-0001,webscraper-io,https://webscraper.io/test-sites/e-commerce/static/product/23
DEV-0002,webscraper-io,https://webscraper.io/test-sites/e-commerce/static/product/102
DEV-0003,webscraper-io,https://webscraper.io/test-sites/e-commerce/static/product/59
DEV-0004,webscraper-io,https://webscraper.io/test-sites/e-commerce/static/product/124
DEV-0005,webscraper-io,https://webscraper.io/test-sites/e-commerce/static/product/90
DEV-0006,webscraper-io,https://webscraper.io/test-sites/e-commerce/static/product/20
DEV-0007,webscraper-io,https://webscraper.io/test-sites/e-commerce/static/product/17
DEV-0008,webscraper-io,https://webscraper.io/test-sites/e-commerce/static/product/131
DEV-0009,webscraper-io,https://webscraper.io/test-sites/e-commerce/static/product/37
DEV-0010,webscraper-io,https://webscraper.io/test-sites/e-commerce/static/product/71
DEV-0011,webscraper-io,https://webscraper.io/test-sites/e-commerce/static/product/31
DEV-0012,webscraper-io,https://webscraper.io/test-sites/e-commerce/static/product/18
DEV-0013,webscraper-io,https://webscraper.io/test-sites/e-commerce/static/product/146
DEV-0014,webscraper-io,https://webscraper.io/test-sites/e-commerce/static/product/134
DEV-0015,webscraper-io,https://webscraper.io/test-sites/e-commerce/static/product/108
DEV-0016,webscraper-io,https://webscraper.io/test-sites/e-commerce/static/product/67
DEV-0017,webscraper-io,https://webscraper.io/test-sites/e-commerce/static/product/137
DEV-0018,webscraper-io,https://webscraper.io/test-sites/e-commerce/static/product/119
DEV-0019,webscraper-io,https://webscraper.io/test-sites/e-commerce/static/product/127
DEV-0020,webscraper-io,https://webscraper.io/test-sites/e-commerce/static/product/111
DEV-0021,webscraper-io,https://webscraper.io/test-sites/e-commerce/static/product/46
DEV-0022,webscraper-io,https://webscraper.io/test-sites/e-commerce/static/product/138
DEV-0023,webscraper-io,https://webscraper.io/test-sites/e-commerce/static/product/73
DEV-0024,webscraper-io,https://webscraper.io/test-sites/e-commerce/static/product/29
DEV-0025,webscraper-io,https://webscraper.io/test-sites/e-commerce/static/product/72
DEV-0026,webscraper-io,https://webscraper.io/test-sites/e-commerce/static/product/21
DEV-0027,webscraper-io,https://webscraper.io/test-sites/e-commerce/static/product/74
DEV-0028,webscraper-io,https://webscraper.io/test-sites/e-commerce/static/product/28
DEV-0029,webscraper-io,https://webscraper.io/test-sites/e-commerce/static/product/81
DEV-0030,webscraper-io,https://webscraper.io/test-sites/e-commerce/static/product/19
DEV-0031,webscraper-io,https://webscraper.io/test-sites/e-commerce/static/product/56
DEV-0032,webscraper-io,https://webscraper.io/test-sites/e-commerce/static/product/122
DEV-0033,webscraper-io,https://webscraper.io/test-sites/e-commerce/static/product/32
DEV-0034,webscraper-io,https://webscraper.io/test-sites/e-commerce/static/product/125
DEV-0035,webscraper-io,https://webscraper.io/test-sites/e-commerce/static/product/68
DEV-0036,webscraper-io,https://webscraper.io/test-sites/e-commerce/static/product/63
DEV-0037,webscraper-io,https://webscraper.io/test-sites/e-commerce/static/product/78
DEV-0038,webscraper-io,https://webscraper.io/test-sites/e-commerce/static/product/39
DEV-0039,webscraper-io,https://webscraper.io/test-sites/e-commerce/static/product/11
DEV-0040,webscraper-io,https://webscraper.io/test-sites/e-commerce/static/product/80
DEV-0041,webscraper-io,https://webscraper.io/test-sites/e-commerce/static/product/106
DEV-0042,webscraper-io,https://webscraper.io/test-sites/e-commerce/static/product/40
DEV-0043,webscraper-io,https://webscraper.io/test-sites/e-commerce/static/product/77
DEV-0044,webscraper-io,https://webscraper.io/test-sites/e-commerce/static/product/85
DEV-0045,webscraper-io,https://webscraper.io/test-sites/e-commerce/static/product/14
DEV-0046,webscraper-io,https://webscraper.io/test-sites/e-commerce/static/product/66
DEV-0047,webscraper-io,https://webscraper.io/test-sites/e-commerce/static/product/1
DEV-0048,webscraper-io,https://webscraper.io/test-sites/e-commerce/static/product/132
DEV-0049,webscraper-io,https://webscraper.io/test-sites/e-commerce/static/product/44
DEV-0050,webscraper-io,https://webscraper.io/test-sites/e-commerce/static/product/2
DEV-0051,webscraper-io,https://webscraper.io/test-sites/e-commerce/static/product/115
DEV-0052,webscraper-io,https://webscraper.io/test-sites/e-commerce/static/product/24
DEV-0053,webscraper-io,https://webscraper.io/test-sites/e-commerce/static/product/112
DEV-0054,webscraper-io,https://webscraper.io/test-sites/e-commerce/static/product/50
DEV-0055,webscraper-io,https://webscraper.io/test-sites/e-commerce/static/product/62
DEV-0056,webscraper-io,https://webscraper.io/test-sites/e-commerce/static/product/65
DEV-0057,webscraper-io,https://webscraper.io/test-sites/e-commerce/static/product/86
DEV-0058,webscraper-io,https://webscraper.io/test-sites/e-commerce/static/product/96
DEV-0059,webscraper-io,https://webscraper.io/test-sites/e-commerce/static/product/30
DEV-0060,webscraper-io,https://webscraper.io/test-sites/e-commerce/static/product/55
