store_id,name,kind,city,source,source_ref
books-toscrape,Books to Scrape,web shop,Online,web shop pages,https://books.toscrape.com
webscraper-io,Web Scraper test shop,web shop,Online,web shop pages,https://webscraper.io/test-sites/e-commerce/static
op-3998,Safeway (N Shoreline Blvd),grocery store,Mountain View,open prices,3998
op-5032,Safeway (San Antonio Rd),grocery store,Mountain View,open prices,5032
op-4191,Nob Hill Foods,grocery store,Mountain View,open prices,4191
op-4120,Costco,grocery store,Mountain View,open prices,4120
op-4190,Smart & Final extra!,grocery store,Mountain View,open prices,4190
op-3999,Trader Joe's,grocery store,Mountain View,open prices,3999
op-4143,Ava's Market and Deli,grocery store,Mountain View,open prices,4143
op-3984,Walmart Supercenter,grocery store,Mountain View,open prices,3984
op-4192,99 Ranch Market,grocery store,Mountain View,open prices,4192
